alpha,threshold,run_path,round,recall,spec,tpr,fpr,precision,ppv,npv,f1,balanced_accuracy,youden,alerts_per_1000,auc,tp,fp,tn,fn,prevalence
0.1,0.35,/Users/ginasixt/federated-learning/result/alpha01/thr_0.35/run_1.json,5,0.7305135096901967,0.7581239837863833,0.7305135096901967,0.24187601621361668,0.32837339437873586,0.32837339437873586,0.9455869751499572,0.4530818161877605,0.74431874673829,0.48863749347658003,309.957426679281,0.8246861836200935,51640.0,105620.0,331050.0,19050.0,0.13932907600126143
0.1,0.35,/Users/ginasixt/federated-learning/result/alpha01/thr_0.35/run_10.json,8,0.7013721884283491,0.7823070052900359,0.7013721884283491,0.21769299470996403,0.3427820796460177,0.3427820796460177,0.9418008381120423,0.46050248455858445,0.7418395968591925,0.4836791937183851,285.0835698517818,0.8260468410886371,49580.0,95060.0,341610.0,21110.0,0.13932907600126143
0.1,0.35,/Users/ginasixt/federated-learning/result/alpha01/thr_0.35/run_2.json,6,0.6937332013014571,0.7841161517851009,0.6937332013014571,0.21588384821489912,0.34219524108575816,0.34219524108575816,0.9405301469578354,0.45831775700934585,0.738924676543279,0.47784935308655796,282.46215704824976,0.8250846988909359,49040.0,94270.0,342400.0,21650.0,0.13932907600126143
0.1,0.35,/Users/ginasixt/federated-learning/result/alpha01/thr_0.35/run_3.json,12,0.6930258876785967,0.7880550530148624,0.6930258876785967,0.21194494698513752,0.3461212378126325,0.3461212378126325,0.9406812093379258,0.46166894407011266,0.7405404703467295,0.4810809406934591,278.97350993377484,0.8256528417918267,48990.0,92550.0,344120.0,21700.0,0.13932907600126143
0.1,0.35,/Users/ginasixt/federated-learning/result/alpha01/thr_0.35/run_4.json,16,0.7307964351393408,0.7597499255730873,0.7307964351393408,0.24025007442691276,0.3299482659513317,0.3299482659513317,0.9457510191282533,0.4546334594737305,0.745273180356214,0.4905463607124281,308.5974456007569,0.8263769153800059,51660.0,104910.0,331760.0,19030.0,0.13932907600126143
0.1,0.35,/Users/ginasixt/federated-learning/result/alpha01/thr_0.35/run_5.json,3,0.6674211345310511,0.7997572537614217,0.6674211345310511,0.20024274623857832,0.35046798395483586,0.35046798395483586,0.9369265439716693,0.4595976815547222,0.7335891941462365,0.46717838829247293,265.3342794071271,0.8232695899495255,47180.0,87440.0,349230.0,23510.0,0.13932907600126143
0.1,0.35,/Users/ginasixt/federated-learning/result/alpha01/thr_0.35/run_6.json,8,0.7193379544490027,0.7673758215586141,0.7193379544490027,0.23262417844138594,0.333595748868333,0.333595748868333,0.9441016538472374,0.45580853352456074,0.7433568880038084,0.4867137760076168,300.4375591296121,0.8254914556524078,50850.0,101580.0,335090.0,19840.0,0.13932907600126143
0.1,0.35,/Users/ginasixt/federated-learning/result/alpha01/thr_0.35/run_7.json,11,0.7114160418729665,0.7737650857627041,0.7114160418729665,0.2262349142372959,0.33733565870673465,0.33733565870673465,0.943061292843586,0.45766028120307595,0.7425905638178353,0.48518112763567056,293.83475244402393,0.825300393343606,50290.0,98790.0,337880.0,20400.0,0.13932907600126143
0.1,0.35,/Users/ginasixt/federated-learning/result/alpha01/thr_0.35/run_8.json,2,0.7455085584948367,0.744017221242586,0.7455085584948367,0.25598277875741404,0.3204036964980545,0.3204036964980545,0.9475326644890341,0.4481864183356721,0.7447628898687113,0.4895257797374226,324.18795332702615,0.8214347746451044,52700.0,111780.0,324890.0,17990.0,0.13932907600126143
0.1,0.35,/Users/ginasixt/federated-learning/result/alpha01/thr_0.35/run_9.json,9,0.7306549724147687,0.7577346737811161,0.7306549724147687,0.24226532621888383,0.3280614837398374,0.3280614837398374,0.9455875628715135,0.45281199316179377,0.7441948230979425,0.488389646195885,310.31220435193944,0.8254658775512821,51650.0,105790.0,330880.0,19040.0,0.13932907600126143
0.1,0.42,/Users/ginasixt/federated-learning/result/alpha01/thr_0.42/run_1.json,11,0.6399773659640685,0.8192227540247784,0.6399773659640685,0.18077724597522157,0.36430987276534066,0.36430987276534066,0.9335821285035754,0.4643095396931287,0.7296000599944235,0.4592001199888469,244.75717439293598,0.8257069508709293,45240.0,78940.0,357730.0,25450.0,0.13932907600126143
0.1,0.42,/Users/ginasixt/federated-learning/result/alpha01/thr_0.42/run_10.json,6,0.7797425378412788,0.7161930061602584,0.7797425378412788,0.2838069938397417,0.30784697012007817,0.30784697012007817,0.952575309920502,0.4414190758388724,0.7479677720007686,0.49593554400153717,352.90523494165876,0.8241709122788792,55120.0,123930.0,312740.0,15570.0,0.13932907600126143
0.1,0.42,/Users/ginasixt/federated-learning/result/alpha01/thr_0.42/run_2.json,20,0.795020512095063,0.7017427347882841,0.795020512095063,0.2982572652117159,0.301437459772581,0.301437459772581,0.954848560388882,0.43713296775949917,0.7483816234416736,0.49676324688334716,367.4708293913592,0.8252013561541287,56200.0,130240.0,306430.0,14490.0,0.13932907600126143
0.1,0.42,/Users/ginasixt/federated-learning/result/alpha01/thr_0.42/run_3.json,1,0.7824303296081483,0.7070785719192983,0.7824303296081483,0.29292142808070165,0.3018775242877415,0.3018775242877415,0.9525513666934041,0.43566618093025083,0.7447544507637234,0.48950890152744675,361.1242510249133,0.8184047034705354,55310.0,127910.0,308760.0,15380.0,0.13932907600126143
0.1,0.42,/Users/ginasixt/federated-learning/result/alpha01/thr_0.42/run_4.json,7,0.7846937332013014,0.7109716719719696,0.7846937332013014,0.2890283280280303,0.30531704095112283,0.30531704095112283,0.9532670105625154,0.43959266156833215,0.7478327025866356,0.4956654051732712,358.08893093661305,0.8241881970561012,55470.0,126210.0,310460.0,15220.0,0.13932907600126143
0.1,0.42,/Users/ginasixt/federated-learning/result/alpha01/thr_0.42/run_5.json,8,0.7531475456217287,0.7400325188357341,0.7531475456217287,0.25996748116426593,0.31926121372031663,0.31926121372031663,0.9487668819729889,0.44843124868393347,0.7465900322287313,0.49318006445746265,328.6818038473668,0.8248655073120342,53240.0,113520.0,323150.0,17450.0,0.13932907600126143
0.1,0.42,/Users/ginasixt/federated-learning/result/alpha01/thr_0.42/run_6.json,6,0.7851181213750177,0.7113838825657819,0.7851181213750177,0.28861611743421806,0.30573458932407865,0.30573458932407865,0.9533805972439616,0.44009198318927917,0.7482510019703998,0.4965020039407997,357.7932828760643,0.8249974651099137,55500.0,126030.0,310640.0,15190.0,0.13932907600126143
0.1,0.42,/Users/ginasixt/federated-learning/result/alpha01/thr_0.42/run_7.json,8,0.7930400339510539,0.7031396706895368,0.7930400339510539,0.2968603293104633,0.30190101782540796,0.30190101782540796,0.954518606024808,0.43731960371323814,0.7480898523202953,0.4961797046405907,365.9925890886156,0.8240477191637428,56060.0,129630.0,307040.0,14630.0,0.13932907600126143
0.1,0.42,/Users/ginasixt/federated-learning/result/alpha01/thr_0.42/run_8.json,11,0.7742254915829679,0.7215517438798177,0.7742254915829679,0.2784482561201823,0.31040154264972775,0.31040154264972775,0.9517883035282745,0.44313995384802235,0.7478886177313928,0.4957772354627856,347.52444023967206,0.8248333058903142,54730.0,121590.0,315080.0,15960.0,0.13932907600126143
0.1,0.42,/Users/ginasixt/federated-learning/result/alpha01/thr_0.42/run_9.json,1,0.7365964068467958,0.7450477477271166,0.7365964068467958,0.25495225227288343,0.31866585067319464,0.31866585067319464,0.9458657983486451,0.44487163056943907,0.7408220772869563,0.4816441545739125,322.05928729107535,0.8199056703732952,52070.0,111330.0,325340.0,18620.0,0.13932907600126143
0.1,0.5,/Users/ginasixt/federated-learning/result/alpha01/thr_0.5/run_1.json,19,0.7374451831942284,0.7535896672544484,0.7374451831942284,0.24641033274555155,0.32636323796406436,0.32636323796406436,0.9466099013318758,0.4524780834996962,0.7455174252243384,0.4910348504486768,314.82576474298327,0.8248875575109215,52130.0,107600.0,329070.0,18560.0,0.13932907600126143
0.1,0.5,/Users/ginasixt/federated-learning/result/alpha01/thr_0.5/run_10.json,18,0.719903805347291,0.765543774475004,0.719903805347291,0.23445622552499598,0.3320284465322633,0.3320284465322633,0.9440820130475303,0.45445615288444363,0.7427237899111475,0.48544757982229503,302.09318826868497,0.8256493284676965,50890.0,102380.0,334290.0,19800.0,0.13932907600126143
0.1,0.5,/Users/ginasixt/federated-learning/result/alpha01/thr_0.5/run_2.json,20,0.7449427075965483,0.7468110930450913,0.7449427075965483,0.25318890695490875,0.3226320303884328,0.3226320303884328,0.9476085314116348,0.4502586464879655,0.7458769003208199,0.49175380064163976,321.7045096184169,0.8239691156229073,52660.0,110560.0,326110.0,18030.0,0.13932907600126143
0.1,0.5,/Users/ginasixt/federated-learning/result/alpha01/thr_0.5/run_3.json,5,0.7119818927712548,0.7705819039549316,0.7119818927712548,0.22941809604506835,0.3343963856222178,0.3343963856222178,0.9429452150763626,0.45506329113924054,0.7412818983630932,0.48256379672618643,296.65326395458845,0.8239822796548147,50330.0,100180.0,336490.0,20360.0,0.13932907600126143
0.1,0.5,/Users/ginasixt/federated-learning/result/alpha01/thr_0.5/run_4.json,12,0.7080209364832367,0.77575743696613,0.7080209364832367,0.22424256303386997,0.3382442386970332,0.3382442386970332,0.942569353626979,0.4577883472057075,0.7418891867246833,0.4837783734493666,291.64695679596343,0.8252177176511505,50050.0,97920.0,338750.0,20640.0,0.13932907600126143
0.1,0.5,/Users/ginasixt/federated-learning/result/alpha01/thr_0.5/run_5.json,11,0.7231574480124487,0.763894932099755,0.7231574480124487,0.23610506790024505,0.331474516923875,0.331474516923875,0.9445828849747975,0.45458183273309316,0.7435261900561019,0.48705238011220375,303.96562598549355,0.8251635534991939,51120.0,103100.0,333570.0,19570.0,0.13932907600126143
0.1,0.5,/Users/ginasixt/federated-learning/result/alpha01/thr_0.5/run_6.json,19,0.7324939878342057,0.7572079602445783,0.7324939878342057,0.2427920397554217,0.32813688212927755,0.32813688212927755,0.9459034214441011,0.45323646549083113,0.744850974039392,0.4897019480787841,311.02175969725636,0.8251268523013406,51780.0,106020.0,330650.0,18910.0,0.13932907600126143
0.1,0.5,/Users/ginasixt/federated-learning/result/alpha01/thr_0.5/run_7.json,2,0.7381524968170887,0.7525133395928275,0.7381524968170887,0.24748666040717246,0.325616224648986,0.325616224648986,0.9466739650254963,0.45189226638953844,0.7453329182049582,0.49066583640991634,315.85067801955216,0.8229879408947635,52180.0,108070.0,328600.0,18510.0,0.13932907600126143
0.1,0.5,/Users/ginasixt/federated-learning/result/alpha01/thr_0.5/run_8.json,9,0.7264110906776065,0.7598186273387226,0.7264110906776065,0.2401813726612774,0.32868207130512705,0.32868207130512705,0.9449206846467121,0.4525824078970562,0.7431148590081645,0.4862297180163291,307.9273099968464,0.8237378711879181,51350.0,104880.0,331790.0,19340.0,0.13932907600126143
0.1,0.5,/Users/ginasixt/federated-learning/result/alpha01/thr_0.5/run_9.json,20,0.7203281935210072,0.7659330844802712,0.7203281935210072,0.23406691551972886,0.33252791745575655,0.33252791745575655,0.9441888038844818,0.4550084889643463,0.7431306390006391,0.4862612780012783,301.8172500788395,0.8261875959650556,50920.0,102210.0,334460.0,19770.0,0.13932907600126143
0.3,0.35,/Users/ginasixt/federated-learning/result/alpha03/thr_0.35/run_1.json,5,0.7207525816947234,0.7656811780062748,0.7207525816947234,0.23431882199372525,0.33241991257258435,0.33241991257258435,0.9442514614928408,0.4549919628505091,0.7432168798504991,0.4864337597009982,302.09318826868497,0.8234945285427264,50950.0,102320.0,334350.0,19740.0,0.13932907600126143
0.3,0.35,/Users/ginasixt/federated-learning/result/alpha03/thr_0.35/run_10.json,2,0.6989673221106238,0.7778413905237365,0.6989673221106238,0.22215860947626354,0.33745389974047263,0.33745389974047263,0.9410428326037569,0.4551609783059279,0.7384043563171802,0.4768087126343603,288.59192683695994,0.8226892532708324,49410.0,97010.0,339660.0,21280.0,0.13932907600126143
0.3,0.35,/Users/ginasixt/federated-learning/result/alpha03/thr_0.35/run_2.json,12,0.714245296364408,0.7716582316165526,0.714245296364408,0.22834176838344744,0.33615179760319575,0.33615179760319575,0.943442714749692,0.45715061795463807,0.7429517639904804,0.4859035279809607,296.04225796278774,0.8254599345424143,50490.0,99710.0,336960.0,20200.0,0.13932907600126143
0.3,0.35,/Users/ginasixt/federated-learning/result/alpha03/thr_0.35/run_3.json,3,0.6947234403734616,0.7818718941076785,0.6947234403734616,0.21812810589232143,0.34019118869492937,0.34019118869492937,0.9405509641873279,0.45673099279237395,0.7382976672405701,0.4765953344811402,284.53169347209086,0.8228069585380422,49110.0,95250.0,341420.0,21580.0,0.13932907600126143
0.3,0.35,/Users/ginasixt/federated-learning/result/alpha03/thr_0.35/run_4.json,5,0.6928844249540246,0.786497812993794,0.6928844249540246,0.21350218700620607,0.34442022361296676,0.34442022361296676,0.9405449815144461,0.46012212306247063,0.7396911189739093,0.47938223794781853,280.29407127089246,0.8237985582334996,48980.0,93230.0,343440.0,21710.0,0.13932907600126143
0.3,0.35,/Users/ginasixt/federated-learning/result/alpha03/thr_0.35/run_5.json,9,0.6474748903663885,0.814963244555385,0.6474748903663885,0.18503675544461493,0.3616180769534645,0.3616180769534645,0.9345571049659918,0.46405758896887356,0.7312190674608867,0.46243813492177344,249.4678334910123,0.8247920579424218,45770.0,80800.0,355870.0,24920.0,0.13932907600126143
0.3,0.35,/Users/ginasixt/federated-learning/result/alpha03/thr_0.35/run_6.json,7,0.6841137360305559,0.7924748666040717,0.6841137360305559,0.20752513339592826,0.3479637357893222,0.3479637357893222,0.9393832455616483,0.46129632279296034,0.7382943013173138,0.47658860263462755,273.9277830337433,0.824488497990698,48360.0,90620.0,346050.0,22330.0,0.13932907600126143
0.3,0.35,/Users/ginasixt/federated-learning/result/alpha03/thr_0.35/run_7.json,16,0.7083038619323808,0.7750704193097763,0.7083038619323808,0.22492958069022373,0.33764920089014766,0.33764920089014766,0.9425738713899797,0.4573020367156818,0.7416871406210785,0.4833742812421571,292.2776726584674,0.8255451937996401,50070.0,98220.0,338450.0,20620.0,0.13932907600126143
0.3,0.35,/Users/ginasixt/federated-learning/result/alpha03/thr_0.35/run_8.json,7,0.6942990521997454,0.7842077541392813,0.6942990521997454,0.21579224586071863,0.34247435629055895,0.34247435629055895,0.9406400219750034,0.45869158878504673,0.7392534031695134,0.47850680633902676,282.46215704824976,0.8246360252083743,49080.0,94230.0,342440.0,21610.0,0.13932907600126143
0.3,0.35,/Users/ginasixt/federated-learning/result/alpha03/thr_0.35/run_9.json,6,0.6901966331871552,0.786864222410516,0.6901966331871552,0.21313577758948404,0.3439306358381503,0.3439306358381503,0.9400820793433653,0.45909197835803345,0.7385304277988356,0.4770608555976712,279.60422579627874,0.8243287186827849,48790.0,93070.0,343600.0,21900.0,0.13932907600126143
0.3,0.42,/Users/ginasixt/federated-learning/result/alpha03/thr_0.42/run_1.json,4,0.6149384637148112,0.8297799253440814,0.6149384637148112,0.17022007465591865,0.3690152801358234,0.3690152801358234,0.9301262963343259,0.46124462836224733,0.7223591945294463,0.4447183890588926,232.18227688426362,0.8222455183274473,43470.0,74330.0,362340.0,27220.0,0.13932907600126143
0.3,0.42,/Users/ginasixt/federated-learning/result/alpha03/thr_0.42/run_10.json,7,0.5884849342198331,0.8459706414454852,0.5884849342198331,0.15402935855451486,0.38214220099209995,0.38214220099209995,0.9270012547051443,0.4633806739069897,0.7172277878326592,0.43445557566531834,214.56165247555975,0.825166146782704,41600.0,67260.0,369410.0,29090.0,0.13932907600126143
0.3,0.42,/Users/ginasixt/federated-learning/result/alpha03/thr_0.42/run_2.json,8,0.6017824303296081,0.8377035289806948,0.6017824303296081,0.1622964710193052,0.3750991976016224,0.3750991976016224,0.9285442315014596,0.4621401412275937,0.7197429796551514,0.4394859593103029,223.52964364553767,0.8246165893502646,42540.0,70870.0,365800.0,28150.0,0.13932907600126143
0.3,0.42,/Users/ginasixt/federated-learning/result/alpha03/thr_0.42/run_3.json,7,0.6056019238930542,0.8378638331005107,0.6056019238930542,0.16213616689948931,0.3768154211777132,0.3768154211777132,0.9291936507936508,0.46456863809007054,0.7217328784967825,0.44346575699356494,223.92384105960264,0.825119973053954,42810.0,70800.0,365870.0,27880.0,0.13932907600126143
0.3,0.42,/Users/ginasixt/federated-learning/result/alpha03/thr_0.42/run_4.json,2,0.6268213325788655,0.8219021228845581,0.6268213325788655,0.17809787711544187,0.36295871559633025,0.36295871559633025,0.931530315614618,0.4597188359184521,0.7243617277317118,0.4487234554634236,240.61810154525386,0.8212796651912571,44310.0,77770.0,358900.0,26380.0,0.13932907600126143
0.3,0.42,/Users/ginasixt/federated-learning/result/alpha03/thr_0.42/run_5.json,19,0.7834205686801528,0.71374264318593,0.7834205686801528,0.2862573568140701,0.30701851646524003,0.30701851646524003,0.9531775643770262,0.44115186999641526,0.7485816059330413,0.4971632118660827,355.52664774519076,0.8254201249678864,55380.0,125000.0,311670.0,15310.0,0.13932907600126143
0.3,0.42,/Users/ginasixt/federated-learning/result/alpha03/thr_0.42/run_6.json,2,0.656104116565285,0.8023908214441111,0.656104116565285,0.1976091785558889,0.3495892063013492,0.3495892063013492,0.9351196989511329,0.4561369000786782,0.7292474690046981,0.4584949380093961,261.49085461999374,0.8204942112874515,46380.0,86290.0,350380.0,24310.0,0.13932907600126143
0.3,0.42,/Users/ginasixt/federated-learning/result/alpha03/thr_0.42/run_7.json,20,0.7790352242184184,0.7181853573636843,0.7790352242184184,0.2818146426363157,0.3091562342109695,0.3091562342109695,0.9525559639158035,0.4426493047182702,0.7486102907910513,0.4972205815821027,351.09192683695994,0.8261759998896987,55070.0,123060.0,313610.0,15620.0,0.13932907600126143
0.3,0.42,/Users/ginasixt/federated-learning/result/alpha03/thr_0.42/run_8.json,11,0.597680011317018,0.841940137861543,0.597680011317018,0.15805986213845696,0.37970701896288306,0.37970701896288306,0.9281981367870938,0.46438777753352384,0.7198100745892805,0.43962014917856096,219.31173131504258,0.8249582742950988,42250.0,69020.0,367650.0,28440.0,0.13932907600126143
0.3,0.42,/Users/ginasixt/federated-learning/result/alpha03/thr_0.42/run_9.json,7,0.7920497948790494,0.7049717177731467,0.7920497948790494,0.29502828222685323,0.3029434043934639,0.3029434043934639,0.9544242574564396,0.4382607334350906,0.748510756326098,0.49702151265219596,364.277830337433,0.8239132069573096,55990.0,128830.0,307840.0,14700.0,0.13932907600126143
0.3,0.5,/Users/ginasixt/federated-learning/result/alpha03/thr_0.5/run_1.json,9,0.7672938180789362,0.7284677216204456,0.7672938180789362,0.27153227837955435,0.31387072507378044,0.31387072507378044,0.9508294724256464,0.4455030800821355,0.7478807698496909,0.49576153969938175,340.6062756228319,0.8240397174020077,54240.0,118570.0,318100.0,16450.0,0.13932907600126143
0.3,0.5,/Users/ginasixt/federated-learning/result/alpha03/thr_0.5/run_10.json,9,0.7794596123921347,0.7120250990450454,0.7794596123921347,0.28797490095495454,0.3046723804257672,0.3046723804257672,0.952252610946066,0.43810129601653813,0.74574235571859,0.4914847114371801,356.45301166824345,0.8239900919011406,55100.0,125750.0,310920.0,15590.0,0.13932907600126143
0.3,0.5,/Users/ginasixt/federated-learning/result/alpha03/thr_0.5/run_2.json,17,0.789503465836752,0.7072617766276593,0.789503465836752,0.2927382233723407,0.3039098235678501,0.3039098235678501,0.9540343506734215,0.43887862226241503,0.7483826212322057,0.49676524246441134,361.9520655944497,0.8259920500780185,55810.0,127830.0,308840.0,14880.0,0.13932907600126143
0.3,0.5,/Users/ginasixt/federated-learning/result/alpha03/thr_0.5/run_3.json,13,0.7890790776630358,0.7101014496072549,0.7890790776630358,0.2898985503927451,0.30586170971102705,0.30586170971102705,0.9541216652820087,0.44084406860033193,0.7495902636351452,0.4991805272702905,359.4489120151372,0.8252132826666101,55780.0,126590.0,310080.0,14910.0,0.13932907600126143
0.3,0.5,/Users/ginasixt/federated-learning/result/alpha03/thr_0.5/run_4.json,19,0.7845522704767294,0.7178189479469622,0.7845522704767294,0.2821810520530378,0.31038728453100517,0.31038728453100517,0.9536631373980772,0.44480089826362434,0.7511856092118459,0.5023712184236917,352.1759697256386,0.826296204492608,55460.0,123220.0,313450.0,15230.0,0.13932907600126143
0.3,0.5,/Users/ginasixt/federated-learning/result/alpha03/thr_0.5/run_5.json,18,0.7363134813976517,0.757345363775849,0.7363134813976517,0.24265463622415095,0.3294095310423391,0.3294095310423391,0.9466437669958494,0.45518146042850904,0.7468294225867504,0.4936588451735009,311.4356669820246,0.825952993705759,52050.0,105960.0,330710.0,18640.0,0.13932907600126143
0.3,0.5,/Users/ginasixt/federated-learning/result/alpha03/thr_0.5/run_6.json,19,0.5156316310652144,0.8804360272058992,0.5156316310652144,0.1195639727941008,0.41112113692758856,0.41112113692758856,0.9182230714115118,0.45748352682773774,0.6980338291355568,0.39606765827111357,174.74771365499842,0.8251960853580387,36450.0,52210.0,384460.0,34240.0,0.13932907600126143
0.3,0.5,/Users/ginasixt/federated-learning/result/alpha03/thr_0.5/run_7.json,19,0.7689913707738011,0.7289257333913481,0.7689913707738011,0.27107426660865186,0.31471082035546805,0.31471082035546805,0.9511998326509876,0.4466354449100321,0.7489585520825746,0.4979171041651491,340.44859665720594,0.825744567250034,54360.0,118370.0,318300.0,16330.0,0.13932907600126143
0.3,0.5,/Users/ginasixt/federated-learning/result/alpha03/thr_0.5/run_8.json,2,0.785683972273306,0.7065289577942153,0.785683972273306,0.2934710422057847,0.302357232293538,0.302357232293538,0.9531930670126981,0.43666954949288467,0.7461064650337607,0.4922129300675213,362.0506149479659,0.8204878390342804,55540.0,128150.0,308520.0,15150.0,0.13932907600126143
0.3,0.5,/Users/ginasixt/federated-learning/result/alpha03/thr_0.5/run_9.json,15,0.7859668977224501,0.7099640460759842,0.7859668977224501,0.2900359539240158,0.30492289116952964,0.30492289116952964,0.9534676303244656,0.43938315539739026,0.7479654718992171,0.4959309437984343,359.1335540838852,0.8249446567220405,55560.0,126650.0,310020.0,15130.0,0.13932907600126143
1.0,0.35,/Users/ginasixt/federated-learning/result/alpha10/thr_0.35/run_1.json,19,0.7887961522138917,0.7126892161128541,0.7887961522138917,0.2873107838871459,0.3076923076923077,0.3076923076923077,0.9542221132029189,0.4426977888928586,0.7507426841633729,0.5014853683267457,357.1822768842636,0.8260181918660032,55760.0,125460.0,311210.0,14930.0,0.13932907600126143
1.0,0.35,/Users/ginasixt/federated-learning/result/alpha10/thr_0.35/run_10.json,19,0.7945961239213467,0.7054526301325944,0.7945961239213467,0.2945473698674056,0.30396666486281726,0.30396666486281726,0.9549865145549803,0.4397213089087208,0.7500243770269706,0.5000487540539411,364.21870072532323,0.8257477145016635,56170.0,128620.0,308050.0,14520.0,0.13932907600126143
1.0,0.35,/Users/ginasixt/federated-learning/result/alpha10/thr_0.35/run_2.json,10,0.787664450417315,0.7062312501431287,0.787664450417315,0.29376874985687135,0.30267449445531636,0.30267449445531636,0.953586889301175,0.4373061064205773,0.7469478502802218,0.49389570056044363,362.5827814569537,0.8245794200331518,55680.0,128280.0,308390.0,15010.0,0.13932907600126143
1.0,0.35,/Users/ginasixt/federated-learning/result/alpha10/thr_0.35/run_3.json,2,0.7944546611967747,0.7010786177204754,0.7944546611967747,0.2989213822795246,0.300819540414591,0.300819540414591,0.9546886207004085,0.4363975444867511,0.7477666394586251,0.4955332789172502,367.9635761589404,0.8219876899018509,56160.0,130530.0,306140.0,14530.0,0.13932907600126143
1.0,0.35,/Users/ginasixt/federated-learning/result/alpha10/thr_0.35/run_4.json,13,0.7910595558070448,0.7083381042892802,0.7910595558070448,0.29166189571071977,0.30510694020078566,0.30510694020078566,0.9544248333744755,0.44036697247706413,0.7496988300481625,0.499397660096325,361.2425102491328,0.8253667269765173,55920.0,127360.0,309310.0,14770.0,0.13932907600126143
1.0,0.35,/Users/ginasixt/federated-learning/result/alpha10/thr_0.35/run_5.json,19,0.7928985712264818,0.7076739872214716,0.7928985712264818,0.29232601277852843,0.3051170386499728,0.3051170386499728,0.9547673484520793,0.44066197570659227,0.7502862792239766,0.5005725584479532,362.0703248186692,0.8252702668726518,56050.0,127650.0,309020.0,14640.0,0.13932907600126143
1.0,0.35,/Users/ginasixt/federated-learning/result/alpha10/thr_0.35/run_6.json,16,0.798840005658509,0.7005748047724827,0.798840005658509,0.29942519522751737,0.3016237581454973,0.3016237581454973,0.9555819329043543,0.4379046954363926,0.7497074052154958,0.4994148104309917,369.00819930621253,0.8257417909302739,56470.0,130750.0,305920.0,14220.0,0.13932907600126143
1.0,0.35,/Users/ginasixt/federated-learning/result/alpha10/thr_0.35/run_7.json,4,0.7883717640401754,0.7091854260654499,0.7883717640401754,0.2908145739345501,0.3050021891418564,0.3050021891418564,0.9539181862986693,0.4398405745629613,0.7487785950528126,0.49755719010562527,360.1387574897509,0.8242559496248993,55730.0,126990.0,309680.0,14960.0,0.13932907600126143
1.0,0.35,/Users/ginasixt/federated-learning/result/alpha10/thr_0.35/run_8.json,20,0.7919083321544773,0.7084526072320059,0.7919083321544773,0.29154739276799413,0.30541764417044026,0.30541764417044026,0.9546085722220508,0.4408221119773211,0.7501804696932416,0.5003609393864832,361.262220119836,0.8262204890370307,55980.0,127310.0,309360.0,14710.0,0.13932907600126143
1.0,0.35,/Users/ginasixt/federated-learning/result/alpha10/thr_0.35/run_9.json,6,0.7937473475739143,0.7040556942313417,0.7937473475739143,0.29594430576865827,0.30274090860041003,0.30274090860041003,0.9547233091112354,0.43830801077998666,0.748901520902628,0.4978030418052559,365.3027436140019,0.8246432786272103,56110.0,129230.0,307440.0,14580.0,0.13932907600126143
1.0,0.42,/Users/ginasixt/federated-learning/result/alpha10/thr_0.42/run_1.json,2,0.7827132550572924,0.7081319989923741,0.7827132550572924,0.2918680010076259,0.302713644818908,0.302713644818908,0.9526773060570584,0.4365802659091806,0.7454226270248332,0.4908452540496664,360.25701671397036,0.8220119106191035,55330.0,127450.0,309220.0,15360.0,0.13932907600126143
1.0,0.42,/Users/ginasixt/federated-learning/result/alpha10/thr_0.42/run_10.json,7,0.785542509548734,0.7088877184143633,0.785542509548734,0.29111228158563673,0.30402408978921436,0.30402408978921436,0.9533121862585076,0.4383832004420937,0.7472151139815486,0.4944302279630972,360.00078839482813,0.8246927858834203,55530.0,127120.0,309550.0,15160.0,0.13932907600126143
1.0,0.42,/Users/ginasixt/federated-learning/result/alpha10/thr_0.42/run_2.json,8,0.7757815815532607,0.7180479538324135,0.7757815815532607,0.2819520461675865,0.3081591368846932,0.3081591368846932,0.9518822100789314,0.4411019505328776,0.7469147676928372,0.4938295353856743,350.75685903500477,0.824265305530928,54840.0,123120.0,313550.0,15850.0,0.13932907600126143
1.0,0.42,/Users/ginasixt/federated-learning/result/alpha10/thr_0.42/run_3.json,5,0.7923327203281936,0.7023152495019123,0.7923327203281936,0.2976847504980878,0.30112903225806453,0.30112903225806453,0.954319143639532,0.4364018855428727,0.7473239849150529,0.49464796983010584,366.6035950804163,0.8231080191540663,56010.0,129990.0,306680.0,14680.0,0.13932907600126143
1.0,0.42,/Users/ginasixt/federated-learning/result/alpha10/thr_0.42/run_4.json,5,0.7552694864903098,0.7360249158403371,0.7552694864903098,0.2639750841596629,0.31655401399264793,0.31655401399264793,0.9489223501623856,0.44612492166283685,0.7456472011653235,0.4912944023306469,332.42667928098393,0.8228134765722981,53390.0,115270.0,321400.0,17300.0,0.13932907600126143
1.0,0.42,/Users/ginasixt/federated-learning/result/alpha10/thr_0.42/run_5.json,7,0.7958692884424954,0.7008954130121143,0.7958692884424954,0.2991045869878856,0.3010649114357575,0.3010649114357575,0.9549751942338295,0.4368690790495418,0.7483823507273049,0.4967647014546097,368.31835383159887,0.8246636523436285,56260.0,130610.0,306060.0,14430.0,0.13932907600126143
1.0,0.42,/Users/ginasixt/federated-learning/result/alpha10/thr_0.42/run_6.json,3,0.791201018531617,0.7026587583300891,0.791201018531617,0.29734124166991094,0.30107121709640955,0.30107121709640955,0.9541030504679872,0.43616938313967085,0.7469298884308531,0.4938597768617061,366.15026805424156,0.8238055751630213,55930.0,129840.0,306830.0,14760.0,0.13932907600126143
1.0,0.42,/Users/ginasixt/federated-learning/result/alpha10/thr_0.42/run_7.json,14,0.7991229311076531,0.7009641147777498,0.7991229311076531,0.2990358852222502,0.3019725236542471,0.3019725236542471,0.9556651784320459,0.43831471135940414,0.7500435229427014,0.5000870458854028,368.7125512456638,0.8259254346016774,56490.0,130580.0,306090.0,14200.0,0.13932907600126143
1.0,0.42,/Users/ginasixt/federated-learning/result/alpha10/thr_0.42/run_8.json,20,0.791201018531617,0.705383928366959,0.791201018531617,0.294616071633041,0.3030122440134359,0.3030122440134359,0.9542722597434785,0.4382026873506483,0.748292473449288,0.4965849468985759,363.80479344055504,0.8261180567680807,55930.0,128650.0,308020.0,14760.0,0.13932907600126143
1.0,0.42,/Users/ginasixt/federated-learning/result/alpha10/thr_0.42/run_9.json,19,0.791201018531617,0.7076281860443814,0.791201018531617,0.2923718139556187,0.30462962962962964,0.30462962962962964,0.9544106745737584,0.43989146250344097,0.7494146022879992,0.49882920457599833,361.8732261116367,0.8260382059890802,55930.0,127670.0,309000.0,14760.0,0.13932907600126143
1.0,0.5,/Users/ginasixt/federated-learning/result/alpha10/thr_0.5/run_1.json,3,0.7834205686801528,0.7112235784459661,0.7834205686801528,0.28877642155403394,0.30515759312320917,0.30515759312320917,0.9530195163863999,0.4392275052543919,0.7473220735630595,0.4946441471261189,357.6947335225481,0.8228552088373479,55380.0,126100.0,310570.0,15310.0,0.13932907600126143
1.0,0.5,/Users/ginasixt/federated-learning/result/alpha10/thr_0.5/run_10.json,13,0.7940302730230584,0.7087045137060022,0.7940302730230584,0.29129548629399776,0.3061692030764196,0.3061692030764196,0.9550658889608987,0.441933706007401,0.7513673933645303,0.5027347867290606,361.341059602649,0.8259323462448604,56130.0,127200.0,309470.0,14560.0,0.13932907600126143
1.0,0.5,/Users/ginasixt/federated-learning/result/alpha10/thr_0.5/run_2.json,7,0.7660206535577875,0.7280326104380883,0.7660206535577875,0.27196738956191174,0.3131687004800185,0.3131687004800185,0.950545671998804,0.4445812807881774,0.747026631997938,0.4940532639958759,340.8033743298644,0.8253822380838808,54150.0,118760.0,317910.0,16540.0,0.13932907600126143
1.0,0.5,/Users/ginasixt/federated-learning/result/alpha10/thr_0.5/run_3.json,10,0.755552411939454,0.7377195593926764,0.755552411939454,0.2622804406073236,0.3180302488984161,0.3180302488984161,0.9490896234753403,0.4476386036960986,0.7466359856660651,0.4932719713321303,331.00756859035005,0.8251964838263354,53410.0,114530.0,322140.0,17280.0,0.13932907600126143
1.0,0.5,/Users/ginasixt/federated-learning/result/alpha10/thr_0.5/run_4.json,16,0.7401329749610978,0.7528568484210044,0.7401329749610978,0.24714315157899558,0.326510234648028,0.326510234648028,0.9470788200046094,0.4531243233880397,0.7464949116910511,0.4929898233821022,315.8309681488489,0.8260465138910925,52320.0,107920.0,328750.0,18370.0,0.13932907600126143
1.0,0.5,/Users/ginasixt/federated-learning/result/alpha10/thr_0.5/run_5.json,3,0.791342481256189,0.7067121625025763,0.791342481256189,0.2932878374974237,0.3040052171077659,0.3040052171077659,0.9543837946497603,0.4392618767177071,0.7490273218793826,0.4980546437587652,362.6813308104699,0.8232066578752465,55940.0,128070.0,308600.0,14750.0,0.13932907600126143
1.0,0.5,/Users/ginasixt/federated-learning/result/alpha10/thr_0.5/run_6.json,19,0.7902107794596124,0.7098037419561682,0.7902107794596124,0.2901962580438317,0.3059480775550444,0.3059480775550444,0.9543383213252048,0.44111027756939236,0.7500072607078903,0.5000145214157805,359.86281929990537,0.8262252512191163,55860.0,126720.0,309950.0,14830.0,0.13932907600126143
1.0,0.5,/Users/ginasixt/federated-learning/result/alpha10/thr_0.5/run_7.json,13,0.7885132267647474,0.7071930748620239,0.7885132267647474,0.29280692513797607,0.30359477124183004,0.30359477124183004,0.9538238201136644,0.4383971056667584,0.7478531508133857,0.4957063016267713,361.8732261116367,0.8252330635399523,55740.0,127860.0,308810.0,14950.0,0.13932907600126143
1.0,0.5,/Users/ginasixt/federated-learning/result/alpha10/thr_0.5/run_8.json,9,0.7900693167350403,0.7086358119403668,0.7900693167350403,0.29136418805963316,0.3050578981865851,0.3050578981865851,0.9542370790674726,0.4401623517358238,0.7493525643377036,0.49870512867540717,360.8483128350678,0.8252461741187953,55850.0,127230.0,309440.0,14840.0,0.13932907600126143
1.0,0.5,/Users/ginasixt/federated-learning/result/alpha10/thr_0.5/run_9.json,8,0.7961522138916396,0.7030938695124465,0.7961522138916396,0.29690613048755354,0.3026945624697467,0.3026945624697467,0.9551690881373861,0.4386252045826514,0.7496230417020431,0.49924608340408616,366.46562598549355,0.8252056032430499,56280.0,129650.0,307020.0,14410.0,0.13932907600126143
